ID,Name,BoughtAt,TicketType
100,Estell,2023-06-21T03:33:39.159Z,FIRST_CLASS
101,Pamella,2023-06-21T03:33:39.159Z,ECONOMY
102,Annora,2023-06-21T03:33:39.160Z,ECONOMY_PLUS
103,Adelle,2023-06-21T03:33:39.160Z,ECONOMY_PLUS
104,Amii,2023-06-21T03:33:39.160Z,ECONOMY
105,Melisent,2023-06-21T03:33:39.160Z,ECONOMY_PLUS
106,Nicoli,2023-06-21T03:33:39.160Z,ECONOMY_PLUS
107,Lexine,2023-06-21T03:33:39.160Z,FIRST_CLASS
108,Yvonne,2023-06-21T03:33:39.160Z,FIRST_CLASS
109,Arlena,2023-06-21T03:33:39.160Z,ECONOMY_PLUS
110,Ira,2023-06-21T03:33:39.160Z,ECONOMY_PLUS
111,Jerry,2023-06-21T03:33:39.160Z,ECONOMY_PLUS
112,Leona,2023-06-21T03:33:39.160Z,ECONOMY_PLUS
113,Tobe,2023-06-21T03:33:39.160Z,ECONOMY_PLUS
114,Taffy,2023-06-21T03:33:39.160Z,ECONOMY
115,Mariann,2023-06-21T03:33:39.160Z,ECONOMY_PLUS
116,Nonnah,2023-06-21T03:33:39.160Z,ECONOMY_PLUS
117,Lynde,2023-06-21T03:33:39.160Z,ECONOMY_PLUS
118,Brietta,2023-06-21T03:33:39.160Z,FIRST_CLASS
119,Kristina,2023-06-21T03:33:39.160Z,ECONOMY_PLUS
120,Sybille,2023-06-21T03:33:39.160Z,ECONOMY
121,Mathilda,2023-06-21T03:33:39.160Z,BUSINESS_CLASS
122,Linet,2023-06-21T03:33:39.160Z,FIRST_CLASS
123,Stacey,2023-06-21T03:33:39.160Z,FIRST_CLASS
124,Doro,2023-06-21T03:33:39.160Z,ECONOMY
125,Lauryn,2023-06-21T03:33:39.160Z,ECONOMY
126,Debee,2023-06-21T03:33:39.160Z,ECONOMY_PLUS
127,Eadie,2023-06-21T03:33:39.160Z,ECONOMY_PLUS
128,Karena,2023-06-21T03:33:39.160Z,ECONOMY
129,Penelopa,2023-06-21T03:33:39.160Z,ECONOMY
130,Mariele,2023-06-21T03:33:39.160Z,ECONOMY
131,Lilith,2023-06-21T03:33:39.160Z,ECONOMY
132,Clary,2023-06-21T03:33:39.160Z,BUSINESS_CLASS
133,Rosaline,2023-06-21T03:33:39.160Z,ECONOMY
134,Evaleen,2023-06-21T03:33:39.160Z,ECONOMY_PLUS
135,Lonnie,2023-06-21T03:33:39.160Z,FIRST_CLASS
136,Ericka,2023-06-21T03:33:39.160Z,ECONOMY
137,Willetta,2023-06-21T03:33:39.160Z,FIRST_CLASS
138,Gloria,2023-06-21T03:33:39.160Z,FIRST_CLASS
139,Theodora,2023-06-21T03:33:39.160Z,FIRST_CLASS
140,Mildrid,2023-06-21T03:33:39.160Z,ECONOMY
141,Moyna,2023-06-21T03:33:39.160Z,FIRST_CLASS
142,Jeanna,2023-06-21T03:33:39.160Z,ECONOMY_PLUS
143,Ermengarde,2023-06-21T03:33:39.160Z,FIRST_CLASS
144,Violet,2023-06-21T03:33:39.160Z,FIRST_CLASS
145,Raina,2023-06-21T03:33:39.160Z,ECONOMY
146,Nelle,2023-06-21T03:33:39.160Z,FIRST_CLASS
147,Helsa,2023-06-21T03:33:39.160Z,BUSINESS_CLASS
148,Ermengarde,2023-06-21T03:33:39.160Z,FIRST_CLASS
149,Lory,2023-06-21T03:33:39.160Z,FIRST_CLASS
150,Courtnay,2023-06-21T03:33:39.160Z,BUSINESS_CLASS
151,Blondelle,2023-06-21T03:33:39.160Z,ECONOMY
152,Ashlee,2023-06-21T03:33:39.160Z,FIRST_CLASS
153,Aryn,2023-06-21T03:33:39.160Z,ECONOMY_PLUS
154,Marcy,2023-06-21T03:33:39.160Z,FIRST_CLASS
155,Cyndie,2023-06-21T03:33:39.160Z,BUSINESS_CLASS
156,Aurore,2023-06-21T03:33:39.160Z,ECONOMY
157,Tera,2023-06-21T03:33:39.160Z,ECONOMY_PLUS
158,Leanna,2023-06-21T03:33:39.160Z,FIRST_CLASS
159,Randa,2023-06-21T03:33:39.160Z,ECONOMY_PLUS
160,Mamie,2023-06-21T03:33:39.160Z,BUSINESS_CLASS
161,Ofilia,2023-06-21T03:33:39.160Z,BUSINESS_CLASS
162,Regina,2023-06-21T03:33:39.160Z,FIRST_CLASS
163,Ira,2023-06-21T03:33:39.160Z,BUSINESS_CLASS
164,Malina,2023-06-21T03:33:39.160Z,BUSINESS_CLASS
165,Dacia,2023-06-21T03:33:39.160Z,BUSINESS_CLASS
166,Phedra,2023-06-21T03:33:39.160Z,ECONOMY_PLUS
167,Belva,2023-06-21T03:33:39.160Z,ECONOMY_PLUS
168,Ardenia,2023-06-21T03:33:39.160Z,ECONOMY
169,Lynea,2023-06-21T03:33:39.160Z,ECONOMY_PLUS
170,Frieda,2023-06-21T03:33:39.160Z,FIRST_CLASS
171,Kayla,2023-06-21T03:33:39.160Z,FIRST_CLASS
172,Sharai,2023-06-21T03:33:39.160Z,FIRST_CLASS
173,Annora,2023-06-21T03:33:39.160Z,ECONOMY_PLUS
174,Amelia,2023-06-21T03:33:39.160Z,FIRST_CLASS
175,Augustine,2023-06-21T03:33:39.160Z,ECONOMY
176,Daune,2023-06-21T03:33:39.160Z,FIRST_CLASS
177,Madelle,2023-06-21T03:33:39.160Z,BUSINESS_CLASS
178,Sindee,2023-06-21T03:33:39.160Z,BUSINESS_CLASS
179,Danika,2023-06-21T03:33:39.160Z,BUSINESS_CLASS
180,Olwen,2023-06-21T03:33:39.160Z,FIRST_CLASS
181,Patricia,2023-06-21T03:33:39.160Z,ECONOMY
182,Concettina,2023-06-21T03:33:39.160Z,ECONOMY
183,Nessie,2023-06-21T03:33:39.160Z,FIRST_CLASS
184,Leia,2023-06-21T03:33:39.160Z,ECONOMY
185,Jean,2023-06-21T03:33:39.160Z,BUSINESS_CLASS
186,Nita,2023-06-21T03:33:39.160Z,ECONOMY
187,Kara-Lynn,2023-06-21T03:33:39.160Z,BUSINESS_CLASS
188,Cyndie,2023-06-21T03:33:39.160Z,ECONOMY_PLUS
189,Corene,2023-06-21T03:33:39.160Z,BUSINESS_CLASS
190,Evita,2023-06-21T03:33:39.160Z,ECONOMY
191,Marnia,2023-06-21T03:33:39.160Z,FIRST_CLASS
192,Mignon,2023-06-21T03:33:39.160Z,FIRST_CLASS
193,Lesly,2023-06-21T03:33:39.160Z,BUSINESS_CLASS
194,Sara-Ann,2023-06-21T03:33:39.160Z,ECONOMY
195,Larine,2023-06-21T03:33:39.160Z,ECONOMY
196,Daphne,2023-06-21T03:33:39.160Z,BUSINESS_CLASS
197,Wynne,2023-06-21T03:33:39.160Z,ECONOMY
198,Iseabal,2023-06-21T03:33:39.160Z,FIRST_CLASS
199,Lory,2023-06-21T03:33:39.160Z,FIRST_CLASS